{"cameraMode":{"drawMode":0,"name":"Shaded","section":"Shading Mode"},"sceneLighting":false,"audioPlay":false,"sceneViewState":{"showFog":true,"showMaterialUpdate":false,"showSkybox":true,"showFlares":true,"showImageEffects":true,"showParticleSystems":true},"in2DMode":false,"pivot":{"x":-0.17567706108093263,"y":-0.696440577507019,"z":-0.53166663646698},"rotation":{"x":-0.07547175139188767,"y":0.9221909046173096,"z":-0.2318524718284607,"w":-0.300187349319458},"size":8.638258934020996,"orthographic":false}